<?xml version='1.1' encoding='UTF-8'?>
<flow-definition plugin="workflow-job@1292.v27d8cc3e2602">
  <actions>
    <org.jenkinsci.plugins.pipeline.modeldefinition.actions.DeclarativeJobAction plugin="pipeline-model-definition@2.2131.vb_9788088fdb_5"/>
    <org.jenkinsci.plugins.pipeline.modeldefinition.actions.DeclarativeJobPropertyTrackerAction plugin="pipeline-model-definition@2.2131.vb_9788088fdb_5">
      <jobProperties/>
      <triggers/>
      <parameters/>
      <options/>
    </org.jenkinsci.plugins.pipeline.modeldefinition.actions.DeclarativeJobPropertyTrackerAction>
  </actions>
  <description>Builds Championship  Microservice  - Compile and Build Docker Image - Pushes it to Docker Registry</description>
  <keepDependencies>false</keepDependencies>
  <properties>
    <jenkins.model.BuildDiscarderProperty>
      <strategy class="hudson.tasks.LogRotator">
        <daysToKeep>1</daysToKeep>
        <numToKeep>5</numToKeep>
        <artifactDaysToKeep>-1</artifactDaysToKeep>
        <artifactNumToKeep>-1</artifactNumToKeep>
      </strategy>
    </jenkins.model.BuildDiscarderProperty>
    <org.jenkinsci.plugins.gogs.GogsProjectProperty plugin="gogs-webhook@1.0.15">
      <gogsSecret></gogsSecret>
      <gogsUsePayload>false</gogsUsePayload>
      <gogsBranchFilter></gogsBranchFilter>
    </org.jenkinsci.plugins.gogs.GogsProjectProperty>
    <org.jenkinsci.plugins.workflow.job.properties.PipelineTriggersJobProperty>
      <triggers>
        <org.jenkinsci.plugins.gogs.GogsTrigger plugin="gogs-webhook@1.0.15">
          <spec></spec>
        </org.jenkinsci.plugins.gogs.GogsTrigger>
      </triggers>
    </org.jenkinsci.plugins.workflow.job.properties.PipelineTriggersJobProperty>
  </properties>
  <definition class="org.jenkinsci.plugins.workflow.cps.CpsScmFlowDefinition" plugin="workflow-cps@3659.v582dc37621d8">
    <scm class="hudson.plugins.git.GitSCM" plugin="git@5.0.1">
      <configVersion>2</configVersion>
      <userRemoteConfigs>
        <hudson.plugins.git.UserRemoteConfig>
          <url>http://gogs:3000/gogs-user/championshipmicroservice.git</url>
        </hudson.plugins.git.UserRemoteConfig>
      </userRemoteConfigs>
      <branches>
        <hudson.plugins.git.BranchSpec>
          <name>*/main</name>
        </hudson.plugins.git.BranchSpec>
      </branches>
      <doGenerateSubmoduleConfigurations>false</doGenerateSubmoduleConfigurations>
      <submoduleCfg class="empty-list"/>
      <extensions/>
    </scm>
    <scriptPath>jenkinsconfig/buildchampionship.groovy</scriptPath>
    <lightweight>true</lightweight>
  </definition>
  <triggers/>
  <disabled>false</disabled>
</flow-definition>
